"id","name","country_code"
1,Novak Djokovic,srb
2,Damir Dzumhur,bih
3,Marton Fucsovics,hun
4,Marius Copil,rou
5,Andrey Rublev,rus
6,Andreas Seppi,ita
7,Albert Ramos-Vinolas,esp
8,Nikoloz Basilashvili,geo
9,Karen Khachanov,rus
10,Stan Wawrinka,sui
11,Robin Haase,ned
12,Nicolas Jarry,chi
13,Mubarak Shannan Zayid,qat
14,Guillermo Garcia-Lopez,esp
15,Matteo Berrettini,ita
16,Roberto Bautista Agut,esp
17,David Goffin,bel
18,Ricardas Berankis,ltu
19,Dusan Lajovic,srb
20,Adrian Mannarino,fra
21,Guido Pella,arg
22,Cem Ilkel,tur
23,Sergiy Stakhovsky,ukr
24,Marco Cecchinato,ita
25,Fernando Verdasco,esp
26,Paolo Lorenzi,ita
27,Philipp Kohlschreiber,ger
28,Tomas Berdych,cze
29,Maximilian Marterer,ger
30,Peter Gojowczyk,ger
31,Pierre-Hugues Herbert,fra
32,Dominic Thiem,aut
33,Taro Daniel,jpn
34,bye,""
35,Thanasi Kokkinakis,aus
36,Jo-Wilfried Tsonga,fra
37,Alex Bolt,aus
38,Jordan Thompson,aus
39,Alexei Popyrin,aus
40,Alex de Minaur,aus
41,Daniil Medvedev,rus
42,James Duckworth,aus
43,Andy Murray,gbr
44,Leonardo Mayer,arg
45,Miomir Kecmanovic,srb
46,Aljaz Bedene,slo
47,Milos Raonic,can
48,Nick Kyrgios,aus
49,Ryan Harrison,usa
50,Jeremy Chardy,fra
51,Jan-Lennard Struff,ger
52,Yasutaka Uchiyama,jpn
53,Ugo Humbert,fra
54,Kyle Edmund,gbr
55,Grigor Dimitrov,bul
56,Yoshihito Nishioka,jpn
57,John Millman,aus
58,Tennys Sandgren,usa
59,Taylor Fritz,usa
60,Denis Kudla,usa
61,Kei Nishikori,jpn
62,Kevin Anderson,rsa
63,Laslo Djere,srb
64,Arjun Kadhe,ind
65,Simone Bolelli,ita
66,Denis Istomin,uzb
67,Radu Albot,mda
68,Jaume Munar,esp
69,Gilles Simon,fra
70,Ilya Ivashka,blr
71,Hubert Hurkacz,pol
72,Antoine Hoang,fra
73,Jiri Vesely,cze
74,Thiago Monteiro,bra
75,Benoit Paire,fra
76,Roberto Carballes Baena,esp
77,Steve Darcis,bel
78,Michael Mmoh,usa
79,Prajnesh Gunneswaran,ind
80,Marcel Granollers,esp
81,Ramkumar Ramanathan,ind
82,Malek Jaziri,tun
83,Pablo Andujar,esp
84,Evgeny Donskoy,rus
85,Felix Auger-Aliassime,can
86,Ivo Karlovic,cro
87,Ernests Gulbis,lat
88,Pedro Sousa,por
89,Hyeon Chung,kor
90,Stefanos Tsitsipas,gre
91,Matthew Ebden,aus
92,Guido Andreozzi,arg
93,Martin Klizan,svk
94,Diego Schwartzman,arg
95,Lucas Pouille,fra
96,Frances Tiafoe,usa
97,Sam Querrey,usa
98,Reilly Opelka,usa
99,John Isner,usa
100,Cameron Norrie,gbr
101,Joao Sousa,por
102,Denis Shapovalov,can
103,Pablo Carreno Busta,esp
104,David Ferrer,esp
105,Rubin Statham,nzl
106,Steve Johnson,usa
107,Mackenzie McDonald,usa
108,Pablo Cuevas,uru
109,Bradley Klahn,usa
110,Fabio Fognini,ita
144,Mitchell Krueger,usa
145,Cristian Garin,chi
146,Lloyd Harris,rsa
147,Luca Vanni,ita
148,Zhe Li,chn
149,Kamil Majchrzak,pol
150,Alexander Zverev,ger
151,Jack Sock,usa
152,Bjorn Fratangelo,usa
153,Borna Coric,cro
154,Filip Krajinovic,srb
155,Mikhail Kukushkin,kaz
156,Gleb Sakharov,fra
157,Mischa Zverev,ger
158,Marin Cilic,cro
159,Bernard Tomic,aus
160,Federico Delbonis,arg
161,Viktor Troicki,srb
162,Stefano Travaglia,ita
163,Christopher Eubanks,usa
164,Gael Monfils,fra
165,Tatsuma Ito,jpn
166,Daniel Evans,gbr
167,Roger Federer,sui
168,Feliciano Lopez,esp
169,Janko Tipsarevic,srb
170,Jason Kubler,aus
171,Thomas Fabbiano,ita
172,Marc Polmans,aus
173,Rudolf Molleker,ger
174,Mirza Basic,bih
175,Henri Laaksonen,sui
176,Rafael Nadal,esp
177,Facundo Bagnis,arg
178,Carlos Berlocq,arg
179,Alessandro Giannessi,ita
180,Thiago Seyboth Wild,bra
181,Hugo Dellien,bol
182,Juan Ignacio Londero,arg
183,Lorenzo Sonego,ita
184,Pedro Cachin,arg
185,Andrej Martin,svk
186,Ruben Bemelmans,bel
187,Marcos Baghdatis,cyp
188,Adrian Menendez-Maceiras,esp
189,Matthias Bachinger,ger
190,Nicolas Mahut,fra
191,Alexandar Lazarov,bul
192,Adrian Andreev,bul
193,Yannick Maden,ger
194,Daniel Brands,ger
195,Dimitar Kuzmanov,bul
196,Franko Skugor,cro
197,Tallon Griekspoor,ned
198,Lukas Lacko,svk
199,Noah Rubin,usa
200,Peter Polansky,can
201,Brayden Schnur,can
202,Jack Mingjie Lin,can
203,Jason Jung,tpe
204,Marcelo Arevalo,esa
205,Rogerio Dutra Silva,bra
206,Francisco Cerundolo,arg
207,Casper Ruud,nor
208,Elias Ymer,swe
209,Constant Lestienne,fra
210,Gregoire Barrere,fra
211,Egor Gerasimov,blr
212,Juan Martin del Potro,arg
213,Jared Donaldson,usa
214,Tim Smyczek,usa
215,Darian King,bar
216,Yosuke Watanuki,jpn
217,Corentin Moutet,fra
218,Mohamed Safwat,egy
219,Gerardo Lopez Villasenor,mex
220,Federico Gaio,ita
221,Emilio Nava,usa
222,Pedro Martinez,esp
223,Pedro Sakamoto,bra
224,Marco Trungelliti,arg
225,Marcos Giron,usa
226,Donald Young,usa
227,Nicola Kuhn,esp
228,Alexander Bublik,kaz
229,Chun-hsin Tseng,tpe
230,Mikael Ymer,swe
231,Daniel Elahi Galan,col
232,Santiago Giraldo,col
233,Pedja Krstin,srb
234,Cedrik-Marcel Stebe,ger
235,Jozef Kovalik,svk
236,Alejandro Davidovich Fokina,esp
237,Lucas Catarina,mon
238,Jannik Sinner,ita
239,Mate Valkusz,hun
240,Attila Balazs,hun
241,Joao Domingues,por
242,Salvatore Caruso,ita
243,Filippo Baldi,ita
244,Richard Gasquet,fra
245,Andrea Basso,ita
246,Bernabe Zapata Miralles,esp
247,Tristan Lamasine,fra
248,Steven Diez,can
249,Maxime Janvier,fra
250,Lukas Rosol,cze
251,Elliot Benchetrit,fra
252,Blaz Rola,slo
253,Tommy Paul,usa
254,Alexandre Muller,fra
255,Oscar Otte,ger
256,Quentin Halys,fra
257,Alexey Vatutin,rus
258,Kimmer Coppejans,bel
259,Yannick Hanfmann,ger
260,Dustin Brown,ger
261,Viktor Galovic,cro
262,Thiemo de Bakker,ned
263,Jurij Rodionov,aut
264,Mats Moraing,ger
265,Jay Clarke,gbr
266,James Ward,gbr
267,Altug Celikbilek,tur
268,Ergi Kirkin,tur
269,Kevin Krawietz,ger
270,JC Aragone,usa
271,Paul Jubb,gbr
272,Vasek Pospisil,can
273,Andrea Arnaboldi,ita
274,Soonwoo Kwon,kor
275,Dennis Novak,aut
276,Yuichi Sugita,jpn
277,Dominik Koepfer,ger
278,Alastair Gray,gbr
279,Facundo Arguello,arg
280,Peter Torebko,ger
281,Nino Serdarusic,cro
282,Julian Lenz,ger
283,Sumit Nagal,ind
284,Daniel Altmaier,ger
285,Cole Gromley,usa
286,Kevin King,usa
287,Gian Marco Moroni,ita
288,Tommy Robredo,esp
289,Sandro Ehrat,sui
290,Marc-Andrea Huesler,sui
291,Norbert Gombos,svk
292,Thai-Son Kwiatkowski,usa
293,Mikael Torpegaard,den
294,Lucas Gomez,mex
295,Sebastian Ofner,aut
296,Lucas Miedler,aut
297,Amir Weintraub,isr
298,Raymond Sarmiento,usa
299,Duckhee Lee,kor
300,Zachary Svajda,usa
301,Jenson Brooksby,usa
302,Tobias Kamke,ger
303,Ernesto Escobedo,usa
304,Matteo Viola,ita
305,Dudi Sela,isr
306,Rayane Roumane,fra
307,Yan Bai,chn
308,Ze Zhang,chn
309,Di Wu,chn
310,Zhizhen Zhang,chn
311,Go Soeda,jpn
312,Nikola Milojevic,srb
313,Alibek Kachmazov,rus
314,Alen Avidzba,rus
315,Artem Dubrivnyy,rus
316,Gianluca Mager,ita
317,Gilles Muller,lux
318,Horacio Zeballos,arg
319,Alexandr Dolgopolov,ukr
320,John-Patrick Smith,aus
321,Florian Mayer,ger
322,Victor Estrella Burgos,dom
323,Andreas Haider-Maurer,aut
324,Jabor Al-Mutawa,qat
325,Yuki Bhambri,ind
326,Ricardo Ojeda Lara,esp
327,Blaz Kavcic,slo
328,Nicolas Kicker,arg
329,Aleksandar Vukic,aus
330,Liam Caruana,ita
331,Michael Venus,nzl
332,Yibing Wu,chn
333,Mikhail Youzhny,rus
334,Gerald Melzer,aut
335,Vaclav Safranek,cze
336,Julien Benneteau,fra
337,Calvin Hemery ,fra
338,Kenny De Schepper,fra
339,Carlos Taberner,esp
340,Thomaz Bellucci,bra
341,Roberto Quiroz,ecu
342,Alexander Donski,bul
343,Sebastian Korda,usa
344,Gastao Elias,por
345,Hugo Gaston,fra
346,Guilherme Clezar,bra
347,Renzo Olivo,arg
348,Evan King,usa
349,Liam Broady,gbr
350,Stefan Kozlov,usa
351,Amine Ahouda,mar
352,Lamine Ouahab,mar
353,Zsombor Piros,hun
354,Jurgen Zopp,est
355,Frederico Ferreira Silva,por
356,Daniel Masur,ger
357,Marsel Ilhan,tur
358,Daniel Gimeno-Traver,esp
359,Filip Horansky,svk
360,Federico Coria,arg
361,Jordi Samper-Montana,esp
362,Joris De Loore,bel
363,Jose Hernandez-Fernandez,dom
364,Adam Pavlasek,cze
365,Max Purcell,aus
366,Benjamin Bonzi,fra
367,Christian Harrison,usa
368,Stephane Robert,fra
369,Zdenek Kolar,cze
370,Emil Reinberg,usa
371,Nicolas Almagro,esp
372,Oriol Roca Batalla,esp
373,Vincent Millot,fra
374,Takanyi Garanganga,zim
375,Borna Gojo,cro
376,Collin Altamirano,usa
377,Evgeny Karlovskiy,rus
378,Jurgen Melzer,aut
379,Sam Groth,aus
380,Paul-Henri Mathieu,fra
381,Anil Yuksel,tur
382,Andrey Kuznetsov,rus
383,Illya Marchenko,ukr
384,Radek Stepanek,cze
385,Arthur De Greef,bel
386,Yen-Hsun Lu,tpe
387,Nikola Mektic,cro
388,Konstantin Kravchuk,rus
389,Saketh Myneni,ind
390,Christopher O'Connell,aus
391,Matthew Barton,aus
392,Finn Tearney,nzl
393,Brydan Klein,gbr
394,Artem Sitak,nzl
395,Jerzy Janowicz,pol
396,Omar Jasika,aus
397,Tommy Haas,ger
398,Andrew Whittington,aus
399,Dmitry Tursunov,rus
400,Blake Mott,aus
401,Ivan Dodig,cro
402,Joao Souza,bra
403,Benjamin Becker,ger
404,Emilio Gomez,ecu
405,Rajeev Ram,usa
406,Agustin Velotti,arg
407,Giovanni Lapentti,ecu
408,Alejandro Falla,col
409,Marco Chiudinelli,sui
410,Mathias Bourgue,fra
411,Marko Tepavac,srb
412,Teymuraz Gabashvili,rus
413,Akira Santillan,aus
414,Omar  Alawadhi,uae
415,Inigo Cervantes,esp
416,Orlando Luz,bra
417,Juan Monaco,arg
418,Maximo Gonzalez,arg
419,Gianluigi Quinzi,ita
420,Reda El Amrani,mar
421,Albert Montanes,esp
422,Riccardo Bellotti,ita
423,Stefano Napolitano,ita
424,Roberto Marcora,ita
425,Laurent Lokoli,fra
426,Maxime Hamou,fra
427,Dennis Novikov,usa
428,Alexander Ward,gbr
429,Austin Krajicek,usa
430,Frank Dancevic,can
431,Miljan Zekic,srb
432,Lorenzo Giustino,ita
433,Antoine Bellier,sui
434,Alessandro Bega,ita
435,Edan Leshem,isr
436,Sekou Bangoura,usa
437,Alexios Halebian,usa
438,Manuel Sanchez,mex
439,Petros Chrysochos,cyp
440,Jonathan Eysseric,fra
441,Geoffrey Blancaneaux,fra
442,Patrick Kypson,usa
443,Evgenii Tiurnev,rus
444,Mate Pavic,cro
445,Yusuke Takahashi,jpn
446,Roman Safiullin,rus
447,Aldin Setkic,bih
448,Mario Vilella Martinez,esp
449,Alejandro Tabilo,chi
450,Andrew Harris,aus
451,Juan Pablo Ficovich,arg
452,Sasikumar Mukund,ind
453,Emil Ruusuvuori,fin
454,Enzo Couacaud,fra
455,Brian Shi,usa
456,Danilo Petrovic,srb
457,Facundo Diaz Acosta,arg
458,Felipe Meligeni Rodrigues Alves,bra
459,Carlos Alcaraz,esp
460,Harold Mayot,fra
461,Brandon Nakashima,usa
462,Lorenzo Musetti,ita
463,Marcelo Tomas Barrios Vera,chi
464,Juan Pablo Varillas,per
465,J.J. Wolf,usa
466,Maxime Cressy,usa
467,Ulises Blanch,usa
468,Arthur Rinderknech,fra
469,Tomas Machac,cze
470,Andy Roddick,usa
471,Peter Luczak,aus
472,Carsten Ball,aus
473,Jarkko Nieminen,fin
474,Nick Lindahl,aus
475,Mardy Fish,usa
476,Michael Llodra,fra
477,Harel Levy,isr
478,Juan Ignacio Chela,arg
479,James Blake,usa
480,Marc Gicquel,fra
481,Philipp Petzschner,ger
482,Florent Serra,fra
483,Julian Reister,ger
484,Taylor Dent,usa
485,Arnaud Clement,fra
486,Wayne Odesnik,usa
487,Christophe Rochus,bel
488,Evgeny Korolev,kaz
489,Martin Vassallo Arguello,arg
490,Oscar Hernandez,esp
491,Nikolay Davydenko,rus
492,Daniel Koellerer,aut
493,Olivier Rochus,bel
494,Abdulla Hajji,qat
495,Karim Maamoun,egy
496,Lukasz Kubot,pol
497,Ryler DeHeart,usa
498,Younes El Aynaoui,mar
499,Fred Gil,por
500,Potito Starace,ita
501,Robin Soderling,swe
502,Robby Ginepri,usa
503,Kevin Kim,usa
504,Rohan Bopanna,ind
505,Prakash Amritraj,ind
506,Michael Russell,usa
507,Louk Sorensen,irl
508,Santiago Ventura,esp
509,Michael Berrer,ger
510,Tsung-Hua Yang,tpe
511,Somdev Devvarman,ind
512,Rainer Schuettler,ger
513,Carlos Moya,esp
514,Simon Greul,ger
515,Jan Hajek,cze
516,Bjorn Phau,ger
517,Igor Kunitsyn,rus
518,Igor Andreev,rus
519,Marinko Matosevic,aus
520,Lleyton Hewitt,aus
521,Jose Acasuso,arg
522,Juan Carlos Ferrero,esp
523,Michael Lammer,sui
524,Daniel King-Turner,nzl
525,James Lemke,aus
526,Sebastien Grosjean,fra
527,Victor Hanescu,rou
528,Ricardo Hocevar,bra
529,Ivan Sergeyev,ukr
530,Stefan Koubek,aut
531,Dieter Kindlmann,ger
532,Kristof Vliegen,bel
533,Xavier Malisse,bel
534,Grega Zemlja,slo
535,Marcos Daniel,bra
536,Fernando Gonzalez,chi
537,Fabrice Santoro,fra
538,Guillaume Rufin,fra
539,Nicolas Lapentti,ecu
540,Antonio Veic,cro
541,David Guez,fra
542,Andrey Golubev,kaz
543,Ivan Ljubicic,cro
544,Dominik Hrbaty,svk
545,Josselin Ouanna,fra
546,Raven Klaasen,rsa
547,Benjamin Balleret,mon
548,Thierry Ascione,fra
549,Fritz Wolmarans,rsa
550,Rik De Voest,rsa
551,Brendan Evans,usa
552,Izak Van der Merwe,rsa
553,Noam Okun,isr
554,Laurent Recouderc,and
555,Thiago Alves,bra
556,Filip Prpic,swe
557,Ivan Navarro,esp
558,Karol Beck,svk
559,Victor Crivoi,rou
560,Ruben Ramirez Hidalgo,esp
561,Paul Capdeville,chi
562,Cristobal Saavedra-Corvalan,chi
563,Eduardo Schwank,arg
564,Hans Podlipnik-Castillo,chi
565,Pere Riba,esp
566,Alberto Martin,esp
567,Ricardo Mello,bra
568,David Marrero,esp
569,Juan-Martin Aranguren,arg
570,Jorge Aguilar,chi
571,Nicolas Massu,chi
572,Alexandre Sidorenko,fra
573,Petar Jelenic,cro
574,Ilija Bozoljac,srb
575,Andreas Vinciguerra,swe
576,Igor Sijsling,ned
577,Stephane Bohli,sui
578,Lars Poerschke,ger
579,Kyu Tae Im,kor
580,Alex Bogomolov Jr.,rus
581,Devin Britton,usa
582,Filippo Volandri,ita
583,Rui Machado,por
584,Edouard Roger-Vasselin,fra
585,Yannick Mertens,bel
586,Diego Junqueira,arg
587,David Nalbandian,arg
588,Gaston Gaudio,arg
589,Mohammad Ghareeb,kuw
590,Jan Hernych,cze
591,Santiago Gonzalez,mex
592,Vincent Spadea,usa
593,Robert Kendrick,usa
594,Jesse Levine,can
595,Ramon Delgado,par
596,Andreas Beck,ger
597,Bobby Reynolds,usa
598,Mario Ancic,cro
599,Brian Dabul,arg
600,Ryan Sweeting,usa
601,Conor Niland,irl
602,Michael Yani,usa
603,Mehdi Ziadi,mar
604,Nicolas Kiefer,ger
605,Marc Lopez,esp
606,Leonardo Tavares,por
607,Michal Przysiezny,pol
608,Marko Djokovic,srb
609,Alessio Di Mauro,ita
610,Flavio Cipolla,ita
611,Daniel Munoz de la Nava,esp
612,Gianni Mina,fra
613,Stefano Galvani,ita
614,Jesse Witten,usa
615,Olivier Patience,fra
616,Yuri Schukin,kaz
617,Martin Fischer,aut
618,Dominik Meffert,ger
619,Alexander Kudryavtsev,rus
620,Mikhail Ledovskikh,rus
621,Jamie Baker,gbr
622,Alex Bogdanovic,gbr
623,Chris Guccione,aus
624,Martin Emmrich,ger
625,Rameez Junaid,aus
626,Henri Kontinen,fin
627,Simon Stadler,ger
628,Jesse Huta Galung,ned
629,Guillermo Alcaide,esp
630,Sergei Bubka,ukr
631,Richard Bloomfield,gbr
632,Alexander Peya,aut
633,Ervin Eleskovic,swe
634,Christian Lindell,swe
635,Jonathan Dasnieres de Veigy,fra
636,Bastian Knittel,ger
637,Alexander Sadecky,sui
638,Yann Marti,sui
639,Farrukh Dustov,uzb
640,Simone Vagnozzi,ita
641,Pierre-Ludovic Duclos,can
642,Philip Bester,can
643,Julio Silva,bra
644,Dusan Lojda,cze
645,Adrian Ungur,rou
646,Frantisek Cermak,cze
647,Yew-Ming Si,mas
648,Frederik Nielsen,den
649,Danai Udomchoke,tha
650,Mao-Xin Gong,chn
651,Ilya Belyaev,rus
652,Michael Ryderstedt,swe
653,Thomas Schoorel,ned
654,Romain Jouan,fra
655,Thomas Muster,aut
656,Javier Marti,esp
657,Sherif Sabry,egy
658,Denis Gremelmayr,ger
659,Marco Crugnola,ita
660,Nicolaas Scholtz,rsa
661,Caio Zampieri,bra
662,Felipe Rios,chi
663,Jaroslav Pospisil,cze
664,Alex Kuznetsov,usa
665,Roman Borvanov,mda
666,Robert Farah,col
667,Andre Ghem,bra
668,Fernando Romboli,bra
669,Andrey Kumantsov,rus
670,Pablo Galdon,arg
671,Juan Pablo Brzezicki,arg
672,Daniel Garza,mex
673,Gerard Granollers,esp
674,Nicolas Devilder,fra
675,Sergio Gutierrez-Ferrol,esp
676,Jean-Rene Lisnard,mon
677,Eric Prodon,fra
678,Augustin Gensse,fra
679,Maxime Teixeira,fra
680,Daniel Cox,gbr
681,Oliver Golding,gbr
682,Colin Fleming,gbr
683,Evgeny Kirillov,rus
684,Alexander Slabinsky,gbr
685,Ludovic Walter,fra
686,Jimmy Wang,tpe
687,Greg Jones,aus
688,Sebastian Decoud,arg
689,Guillermo Olaso,esp
690,Pavol Cervenak,svk
691,Robin Kern,ger
692,Phillip Simmonds,usa
693,Laurynas Grigelis,ltu
694,Daniel Kosakowski,usa
695,Gianluca Naso,ita
696,Mate Delic,cro
697,Amer Delic,bih
698,Erik Chvojka,can
699,Mathieu Rodrigues,fra
700,Nicolas Renavand,fra
701,Kittipong Wachiramanowong,tha
702,Sebastian Rieschick,ger
703,Ivan Nedelko,rus
704,Benjamin Mitchell,aus
705,Vishnu Vardhan,ind
706,Kristijan Mesaros,cro
707,Dino Marcan,cro
708,Blake Strode,usa
709,Dimitar Kutrovsky,bul
710,Dennis Lajola,usa
711,Albano Olivetti,fra
712,Andres Molteni,arg
713,Cesar Ramirez,mex
714,Juan Sebastian Cabal,col
715,Rhyne Williams,usa
716,Yassine Idmbarek,mar
717,Arnau Brugues-Davi,esp
718,Gabriel Moraru,rou
719,Carlos Gomez-Herrera,esp
720,Brian Baker,usa
721,Josh Goodall,gbr
722,Ivo Minar,cze
723,Gorka Fraile,esp
724,Ivo Klec,svk
725,Walter Trusendi,ita
726,Philipp Oswald,aut
727,Nicolas Meister,usa
728,Michael McClune,usa
729,Maxime Authom,bel
730,Hiroki Moriya,jpn
731,Sergey Betov,blr
732,Mikhail Elgin,rus
733,Nikolai Fidirko,blr
734,Andrei Vasilevski,blr
735,Clement Reix,fra
736,Dominic Inglot,gbr
737,Ariez Elyaas Deen Heshaam,mas
738,Philipp Davydenko,rus
739,Sanam Singh,ind
740,Julian Knowle,aut
741,Riccardo Ghedin,ita
742,Peerakiat Siriluethaiwattana,tha
743,Patrik Rosenholm,swe
744,Mousa Shanan Zayed,qat
745,Luke Saville,aus
746,Martin Alund,arg
747,Filip Veger,cro
748,Miguel Angel Reyes-Varela,mex
749,Younes Rachidi,mar
750,Niels Desein,bel
751,Edward Corrie,gbr
752,Matt Reid,aus
753,Adrien Bossel,sui
754,Ante Pavic,cro
755,Markus Eriksson,swe
756,Nils Langer,ger
757,Nicolas Barrientos,col
758,Alejandro Gonzalez,col
759,Carlos Salamanca,col
760,Eduardo Struvay,col
761,Boy Westerhof,ned
762,Josko Topic,cro
763,Filip Peliwo,can
764,Romain Bogaerts,bel
765,Mikhail Biryukov,rus
766,Aslan Karatsev,rus
767,Wishaya Trongcharoenchaikul,tha
768,Suk-Young Jeong,kor
769,Aleksandr Nedovyesov,kaz
770,Milos Sekulic,swe
771,Joachim Johansson,swe
772,Miloslav Mecir,svk
773,Karim Hossam,egy
774,Jeevan Nedunchezhiyan,ind
775,Andres Artunedo Martinavarro,esp
776,Gonzalo Lama,chi
777,Tigre Hank,mex
778,Hicham Khaddari,mar
779,Patrick Ciorcila ,rou
780,Martin Vaisse,fra
781,Axel Michon,fra
782,Tim Puetz,ger
783,Daniel Smethurst,gbr
784,Clay Thompson,usa
785,Nathan Pasha,usa
786,Fabiano De Paula,bra
787,Chase Buchanan,usa
788,James McGee,irl
789,Kento Takeuchi,jpn
790,Gregoire Burquier,fra
791,Bowen Ouyang,chn
792,Xin Gao,chn
793,Chuhan Wang,chn
794,Victor Baluda,rus
795,N Vijay Sundar Prashanth,ind
796,Gonzalo Escobar,ecu
797,Toni Androic,cro
798,Eric Quigley,usa
799,Fabrice Martin,fra
800,David Vega Hernandez,esp
801,Bastian Trinker,aut
802,Matteo Donati,ita
803,Germain Gigounon,bel
804,Alexander Sarkissian,usa
805,Marcelo Demoliner,bra
806,Alejandro Gomez,col
807,Matteo Trevisan,ita
808,Ryan Shane,usa
809,Yaraslav Shyla,blr
810,Takuto Niki,jpn
811,Oliver Anderson,aus
812,Alexandar Lazov,bul
813,Luis Pati√±o,mex
814,Michael Linzer,aut
815,Roberto Ortega-Olmedo,esp
816,Jan Choinski,gbr
817,Marcus Willis,gbr
818,Jan Satral,cze
819,Marvin Moeller,ger
820,Louis Wessels,ger
821,Isak Arvidsson,swe
822,Fred Simonsson,swe
823,Carl Soderlund,swe
824,Jan Mertl,cze
825,Johan Nikles,sui
826,Nikola Cacic,srb
827,Enrique Lopez Perez,esp
828,Austin Smith,usa
829,Tim Van Rijthoven,ned
830,Pavel Kotov,rus
831,Andrea Pellegrino,ita
832,Giulio Zeppieri,ita
